{
  "version": "V6.0",
  "macro_f1": 0.7314549274552212,
  "per_class_f1": {
    "ACK": 0.6825396825396826,
    "BCC": 0.84375,
    "MEL": 0.6779661016949152,
    "NEV": 0.8255813953488372,
    "SCC": 0.6628571428571428,
    "SEK": 0.6960352422907489
  },
  "per_class_precision": {
    "ACK": 0.7049180327868853,
    "BCC": 0.81,
    "MEL": 0.7547169811320755,
    "NEV": 0.7282051282051282,
    "SCC": 0.6823529411764706,
    "SEK": 0.797979797979798
  },
  "per_class_recall": {
    "ACK": 0.6615384615384615,
    "BCC": 0.8804347826086957,
    "MEL": 0.6153846153846154,
    "NEV": 0.9530201342281879,
    "SCC": 0.6444444444444445,
    "SEK": 0.6171875
  },
  "thresholds_used": {
    "ACK": 0.6999999999999998,
    "BCC": 0.47499999999999987,
    "MEL": 0.7499999999999999,
    "NEV": 0.19999999999999998,
    "SCC": 0.7999999999999998,
    "SEK": 0.5999999999999999
  }
}