{
  "version": "V6.0",
  "phase": "phase2",
  "best_epoch": 0,
  "best_f1": 0.7175080721868291,
  "swa_val_f1": 0.6505406463324865,
  "optimized_f1": 0.7172055093573149,
  "thresholds": {
    "ACK": 0.6999999999999998,
    "BCC": 0.47499999999999987,
    "MEL": 0.7499999999999999,
    "NEV": 0.19999999999999998,
    "SCC": 0.7999999999999998,
    "SEK": 0.5999999999999999
  },
  "total_epochs_trained": 48,
  "phase2_epochs": 34,
  "training_time_minutes": 41.87604466676712
}