{
  "ACK": 0.6999999999999998,
  "BCC": 0.47499999999999987,
  "MEL": 0.7499999999999999,
  "NEV": 0.19999999999999998,
  "SCC": 0.7999999999999998,
  "SEK": 0.5999999999999999
}